"Period","CS:_Not-yet-treated_Mean","CS:_Not-yet-treated_SE","CS:_Not-yet-treated_Sig","Sun___Abraham_Mean","Sun___Abraham_SE","Sun___Abraham_Sig","de_Chaisemartin___d_Haultfoeuille_Mean","de_Chaisemartin___d_Haultfoeuille_SE","de_Chaisemartin___d_Haultfoeuille_Sig"
"Pre-treatment (-5 to -1)",-0.00670633843264649,0.0518735724808962,0,0.0753919430017111,0.0681806130026228,0,0.095924,0.091358,0.2
"Immediate (0 to 3)",0.137527144122561,0.0815170568334042,0.25,0.279286629609585,0.0770506121360766,1,0.09629,0.0614875,0.25
"Medium-term (4 to 9)",-0.0541294663850583,0.118283123896465,0,0.0693584027033096,0.0765703649312611,0.5,0.0141316666666667,0.108911666666667,0.166666666666667
"Long-term (10+)",-0.310191141289035,0.14369412056459,0.666666666666667,-0.3816406107632,0.0827444145347958,1,-0.30304,0.123585,0.833333333333333
